gcid,levelid,longitude,latitude,chinese_name,english_name,code1,code2,code3,code4,code5,alias1,alias2,alias3,alias4,alias5,area,population,continentid,countryid,provinceid,cityid,countyid,townid,villageid,buildingid,comments
51360,7,106.256801,38.472304,凤凰北街街道,,640104,0951,640104001000,,,,,,,,,,2,100,1029,1523,4868,51360,,,
51361,7,106.269627,38.478796,解放西街街道,,640104,0951,640104002000,,,,,,,,,,2,100,1029,1523,4868,51361,,,
51362,7,106.286858,38.470203,文化街街道,,640104,0951,640104003000,,,,,,,,,,2,100,1029,1523,4868,51362,,,
51363,7,106.263688,38.466446,富宁街街道,,640104,0951,640104004000,,,,,,,,,,2,100,1029,1523,4868,51363,,,
51364,7,106.282222,38.460785,新华街街道,,640104,0951,640104005000,,,,,,,,,,2,100,1029,1523,4868,51364,,,
51365,7,106.290076,38.476249,玉皇阁北街街道,,640104,0951,640104006000,,,,,,,,,,2,100,1029,1523,4868,51365,,,
51366,7,106.273173,38.464878,前进街街道,,640104,0951,640104007000,,,,,,,,,,2,100,1029,1523,4868,51366,,,
51367,7,106.285364,38.462518,中山南街街道,,640104,0951,640104008000,,,,,,,,,,2,100,1029,1523,4868,51367,,,
51368,7,106.29376,38.45282,银古路街道,,640104,0951,640104009000,,,,,,,,,,2,100,1029,1523,4868,51368,,,
51369,7,106.282942,38.453095,胜利街街道,,640104,0951,640104010000,,,,,,,,,,2,100,1029,1523,4868,51369,,,
51370,7,106.2912,38.489781,丽景街街道,,640104,0951,640104011000,,,,,,,,,,2,100,1029,1523,4868,51370,,,
51371,7,106.367285,38.415875,掌政镇,,640104,0951,640104100000,,,,,,,,,,2,100,1029,1523,4868,51371,,,
51372,7,106.315479,38.443089,大新镇,,640104,0951,640104101000,,,,,,,,,,2,100,1029,1523,4868,51372,,,
51373,7,106.491549,38.495878,通贵乡,,640104,0951,640104200000,,,,,,,,,,2,100,1029,1523,4868,51373,,,
51374,7,106.570757,38.617776,月牙湖乡,,640104,0951,640104201000,,,,,,,,,,2,100,1029,1523,4868,51374,,,
51375,7,106.161023,38.489971,西花园街道,,640105,0951,640105001000,,,,,,,,,,2,100,1029,1523,4869,51375,,,
51376,7,106.138208,38.487926,北京西路街道,,640105,0951,640105002000,,,,,,,,,,2,100,1029,1523,4869,51376,,,
51377,7,106.113125,38.488835,文昌路街道,,640105,0951,640105003000,,,,,,,,,,2,100,1029,1523,4869,51377,,,
51378,7,106.119635,38.49635,朔方路街道,,640105,0951,640105004000,,,,,,,,,,2,100,1029,1523,4869,51378,,,
51379,7,106.101009,38.481217,宁华路街道,,640105,0951,640105005000,,,,,,,,,,2,100,1029,1523,4869,51379,,,
51380,7,106.167538,38.501378,贺兰山西路街道,,640105,0951,640105006000,,,,,,,,,,2,100,1029,1523,4869,51380,,,
51381,7,106.169889,38.49069,怀远路街道,,640105,0951,640105007000,,,,,,,,,,2,100,1029,1523,4869,51381,,,
51382,7,106.096586,38.383312,兴泾镇,,640105,0951,640105100000,,,,,,,,,,2,100,1029,1523,4869,51382,,,
51383,7,106.066877,38.627541,镇北堡镇,,640105,0951,640105101000,,,,,,,,,,2,100,1029,1523,4869,51383,,,
51384,7,106.18603,38.505471,满城北街街道,,640106,0951,640106001000,,,,,,,,,,2,100,1029,1523,4870,51384,,,
51385,7,106.18883,38.481372,黄河东路街道,,640106,0951,640106002000,,,,,,,,,,2,100,1029,1523,4870,51385,,,
51386,7,106.23107,38.438626,长城中路街道,,640106,0951,640106003000,,,,,,,,,,2,100,1029,1523,4870,51386,,,
51387,7,106.22943,38.474495,北京中路街道,,640106,0951,640106004000,,,,,,,,,,2,100,1029,1523,4870,51387,,,
51388,7,106.248584,38.494298,上海西路街道,,640106,0951,640106005000,,,,,,,,,,2,100,1029,1523,4870,51388,,,
51389,7,106.11409,38.35632,良田镇,,640106,0951,640106100000,,,,,,,,,,2,100,1029,1523,4870,51389,,,
51390,7,106.241899,38.548535,丰登镇,,640106,0951,640106101000,,,,,,,,,,2,100,1029,1523,4870,51390,,,
51391,7,106.251742,38.274806,团结西路街道,,640121,0951,640121001000,,,,,,,,,,2,100,1029,1523,4871,51391,,,
51392,7,106.246996,38.282805,杨和镇,,640121,0951,640121100000,,,,,,,,,,2,100,1029,1523,4871,51392,,,
51393,7,106.122958,38.186492,李俊镇,,640121,0951,640121101000,,,,,,,,,,2,100,1029,1523,4871,51393,,,
51394,7,106.270738,38.384684,望远镇,,640121,0951,640121102000,,,,,,,,,,2,100,1029,1523,4871,51394,,,
51395,7,106.233308,38.199399,望洪镇,,640121,0951,640121103000,,,,,,,,,,2,100,1029,1523,4871,51395,,,
51396,7,105.975729,38.245885,闽宁镇,,640121,0951,640121104000,,,,,,,,,,2,100,1029,1523,4871,51396,,,
51397,7,106.217141,38.311959,胜利乡,,640121,0951,640121200000,,,,,,,,,,2,100,1029,1523,4871,51397,,,
51398,7,106.02719,38.286031,黄羊滩农场,,640121,0951,640121400000,,,,,,,,,,2,100,1029,1523,4871,51398,,,
51399,7,106.019969,38.257075,玉泉营农场,,640121,0951,640121401000,,,,,,,,,,2,100,1029,1523,4871,51399,,,
51400,7,106.342054,38.563374,习岗镇,,640122,0951,640122100000,,,,,,,,,,2,100,1029,1523,4872,51400,,,
51401,7,106.407799,38.493904,金贵镇,,640122,0951,640122101000,,,,,,,,,,2,100,1029,1523,4872,51401,,,
51402,7,106.435994,38.649343,立岗镇,,640122,0951,640122102000,,,,,,,,,,2,100,1029,1523,4872,51402,,,
51403,7,106.286459,38.733699,洪广镇,,640122,0951,640122103000,,,,,,,,,,2,100,1029,1523,4872,51403,,,
51404,7,106.334558,38.674225,常信乡,,640122,0951,640122200000,,,,,,,,,,2,100,1029,1523,4872,51404,,,
51405,7,106.349828,38.554344,南梁台子管委会,,640122,0951,640122400000,,,,,,,,,,2,100,1029,1523,4872,51405,,,
51406,7,106.20051,38.744067,暖泉农场,,640122,0951,640122401000,,,,,,,,,,2,100,1029,1523,4872,51406,,,
51407,7,106.37274,38.576246,宁夏原种场,,640122,0951,640122402000,,,,,,,,,,2,100,1029,1523,4872,51407,,,
51408,7,106.527996,38.665828,京星农牧场,,640122,0951,640122403000,,,,,,,,,,2,100,1029,1523,4872,51408,,,
51409,7,106.33688,38.09192,城区街道,,640181,0951,640181001000,,,,,,,,,,2,100,1029,1523,4873,51409,,,
51410,7,106.343449,38.083054,东塔镇,,640181,0951,640181100000,,,,,,,,,,2,100,1029,1523,4873,51410,,,
51411,7,106.29348,38.007291,郝家桥镇,,640181,0951,640181101000,,,,,,,,,,2,100,1029,1523,4873,51411,,,
51412,7,106.303281,38.036411,崇兴镇,,640181,0951,640181102000,,,,,,,,,,2,100,1029,1523,4873,51412,,,
51413,7,106.576837,38.158934,宁东镇,,640181,0951,640181103000,,,,,,,,,,2,100,1029,1523,4873,51413,,,
51414,7,106.800469,37.794929,马家滩镇,,640181,0951,640181104000,,,,,,,,,,2,100,1029,1523,4873,51414,,,
51415,7,106.372998,38.321509,临河镇,,640181,0951,640181105000,,,,,,,,,,2,100,1029,1523,4873,51415,,,
51416,7,106.287127,38.166679,梧桐树乡,,640181,0951,640181200000,,,,,,,,,,2,100,1029,1523,4873,51416,,,
51417,7,106.342715,37.831086,白土岗乡,,640181,0951,640181201000,,,,,,,,,,2,100,1029,1523,4873,51417,,,
51418,7,106.308635,38.11932,灵武农场,,640181,0951,640181400000,,,,,,,,,,2,100,1029,1523,4873,51418,,,
51419,7,106.361382,37.889302,狼皮子梁管委会,,640181,0951,640181401000,,,,,,,,,,2,100,1029,1523,4873,51419,,,
51420,7,106.32709,39.01298,长胜街道,,640202,0952,640202001000,,,,,,,,,,2,100,1029,1524,4874,51420,,,
51421,7,106.373756,39.009792,朝阳街道,,640202,0952,640202002000,,,,,,,,,,2,100,1029,1524,4874,51421,,,
51422,7,106.385559,39.021373,人民路街道,,640202,0952,640202003000,,,,,,,,,,2,100,1029,1524,4874,51422,,,
51423,7,106.377316,39.025617,长城街道,,640202,0952,640202004000,,,,,,,,,,2,100,1029,1524,4874,51423,,,
51424,7,106.361207,39.023323,青山街道,,640202,0952,640202005000,,,,,,,,,,2,100,1029,1524,4874,51424,,,
51425,7,106.346573,39.237908,石炭井街道,,640202,0952,640202006000,,,,,,,,,,2,100,1029,1524,4874,51425,,,
51426,7,106.140894,39.106857,白芨沟街道,,640202,0952,640202007000,,,,,,,,,,2,100,1029,1524,4874,51426,,,
51427,7,106.45068,39.04359,沟口街道,,640202,0952,640202008000,,,,,,,,,,2,100,1029,1524,4874,51427,,,
51428,7,106.367861,39.01906,长兴街道,,640202,0952,640202010000,,,,,,,,,,2,100,1029,1524,4874,51428,,,
51429,7,106.3393,38.969609,锦林街道,,640202,0952,640202011000,,,,,,,,,,2,100,1029,1524,4874,51429,,,
51430,7,106.429534,38.976307,星海镇,,640202,0952,640202100000,,,,,,,,,,2,100,1029,1524,4874,51430,,,
51431,7,106.764073,39.220402,育才路街道,,640205,0952,640205001000,,,,,,,,,,2,100,1029,1524,4875,51431,,,
51432,7,106.76437,39.227125,南街街道,,640205,0952,640205002000,,,,,,,,,,2,100,1029,1524,4875,51432,,,
51433,7,106.780275,39.236603,中街街道,,640205,0952,640205003000,,,,,,,,,,2,100,1029,1524,4875,51433,,,
51434,7,106.784295,39.240516,北街街道,,640205,0952,640205004000,,,,,,,,,,2,100,1029,1524,4875,51434,,,
51435,7,106.770813,39.310843,河滨街道,,640205,0952,640205005000,,,,,,,,,,2,100,1029,1524,4875,51435,,,
51436,7,106.727493,39.263141,火车站街道,,640205,0952,640205006000,,,,,,,,,,2,100,1029,1524,4875,51436,,,
51437,7,106.712032,39.135207,红果子镇,,640205,0952,640205100000,,,,,,,,,,2,100,1029,1524,4875,51437,,,
51438,7,106.748456,39.163885,尾闸镇,,640205,0952,640205101000,,,,,,,,,,2,100,1029,1524,4875,51438,,,
51439,7,106.76998,39.209957,园艺镇,,640205,0952,640205102000,,,,,,,,,,2,100,1029,1524,4875,51439,,,
51440,7,106.718789,39.125338,庙台乡,,640205,0952,640205200000,,,,,,,,,,2,100,1029,1524,4875,51440,,,
51441,7,106.800681,39.071003,礼和乡,,640205,0952,640205201000,,,,,,,,,,2,100,1029,1524,4875,51441,,,
51442,7,106.592016,39.06045,燕子墩乡,,640205,0952,640205202000,,,,,,,,,,2,100,1029,1524,4875,51442,,,
51443,7,106.55579,39.10734,简泉农场,,640205,0952,640205401000,,,,,,,,,,2,100,1029,1524,4875,51443,,,
51444,7,106.781176,39.239302,国营农林牧场,,640205,0952,640205402000,,,,,,,,,,2,100,1029,1524,4875,51444,,,
51445,7,106.781176,39.239302,良种繁殖场,,640205,0952,640205403000,,,,,,,,,,2,100,1029,1524,4875,51445,,,
51446,7,106.5411,38.891507,城关镇,,640221,0952,640221100000,,,,,,,,,,2,100,1029,1524,4876,51446,,,
51447,7,106.64257,39.015629,黄渠桥镇,,640221,0952,640221101000,,,,,,,,,,2,100,1029,1524,4876,51447,,,
51448,7,106.731627,39.050351,宝丰镇,,640221,0952,640221102000,,,,,,,,,,2,100,1029,1524,4876,51448,,,
51449,7,106.67735,38.9308,头闸镇,,640221,0952,640221103000,,,,,,,,,,2,100,1029,1524,4876,51449,,,
51450,7,106.467912,38.741634,姚伏镇,,640221,0952,640221104000,,,,,,,,,,2,100,1029,1524,4876,51450,,,
51451,7,106.266181,38.91511,崇岗镇,,640221,0952,640221105000,,,,,,,,,,2,100,1029,1524,4876,51451,,,
51452,7,106.693251,38.811809,陶乐镇,,640221,0952,640221106000,,,,,,,,,,2,100,1029,1524,4876,51452,,,
51453,7,106.594694,38.984814,高庄乡,,640221,0952,640221200000,,,,,,,,,,2,100,1029,1524,4876,51453,,,
51454,7,106.752151,38.995549,灵沙乡,,640221,0952,640221201000,,,,,,,,,,2,100,1029,1524,4876,51454,,,
51455,7,106.619298,38.874733,渠口乡,,640221,0952,640221202000,,,,,,,,,,2,100,1029,1524,4876,51455,,,
51456,7,106.536214,38.735216,通伏乡,,640221,0952,640221203000,,,,,,,,,,2,100,1029,1524,4876,51456,,,
51457,7,106.64467,38.72679,高仁乡,,640221,0952,640221204000,,,,,,,,,,2,100,1029,1524,4876,51457,,,
51458,7,106.875994,39.020348,红崖子乡,,640221,0952,640221205000,,,,,,,,,,2,100,1029,1524,4876,51458,,,
51459,7,106.358916,38.825908,前进农场,,640221,0952,640221400000,,,,,,,,,,2,100,1029,1524,4876,51459,,,
51460,7,106.127462,37.933722,金积镇,,640302,0953,640302100000,,,,,,,,,,2,100,1029,1525,4877,51460,,,
51461,7,106.272418,37.912393,金银滩镇,,640302,0953,640302101000,,,,,,,,,,2,100,1029,1525,4877,51461,,,
51462,7,106.1913,37.869361,高闸镇,,640302,0953,640302102000,,,,,,,,,,2,100,1029,1525,4877,51462,,,
51463,7,106.225123,37.797702,扁担沟镇,,640302,0953,640302103000,,,,,,,,,,2,100,1029,1525,4877,51463,,,
51464,7,106.213352,37.974318,上桥镇,,640302,0953,640302104000,,,,,,,,,,2,100,1029,1525,4877,51464,,,
51465,7,106.186435,37.993872,古城镇,,640302,0953,640302105000,,,,,,,,,,2,100,1029,1525,4877,51465,,,
51466,7,106.207701,37.987339,金星镇,,640302,0953,640302106000,,,,,,,,,,2,100,1029,1525,4877,51466,,,
51467,7,106.195709,37.978735,胜利镇,,640302,0953,640302107000,,,,,,,,,,2,100,1029,1525,4877,51467,,,
51468,7,106.22967,37.99362,东塔寺乡,,640302,0953,640302200000,,,,,,,,,,2,100,1029,1525,4877,51468,,,
51469,7,106.165739,37.956396,板桥乡,,640302,0953,640302201000,,,,,,,,,,2,100,1029,1525,4877,51469,,,
51470,7,106.177571,37.917835,马莲渠乡,,640302,0953,640302202000,,,,,,,,,,2,100,1029,1525,4877,51470,,,
51471,7,106.259609,37.98384,郭家桥乡,,640302,0953,640302203000,,,,,,,,,,2,100,1029,1525,4877,51471,,,
51472,7,106.213256,37.974937,孙家滩管委会,,640302,0953,640302401000,,,,,,,,,,2,100,1029,1525,4877,51472,,,
51473,7,106.062114,37.425702,红寺堡区新民街道,,640303,0953,640303001000,,,,,,,,,,2,100,1029,1525,4878,51473,,,
51474,7,106.066275,37.418091,红寺堡区红寺堡镇,,640303,0953,640303100000,,,,,,,,,,2,100,1029,1525,4878,51474,,,
51475,7,106.214359,37.448407,红寺堡区太阳山镇,,640303,0953,640303101000,,,,,,,,,,2,100,1029,1525,4878,51475,,,
51476,7,105.968202,37.401298,红寺堡区大河乡,,640303,0953,640303200000,,,,,,,,,,2,100,1029,1525,4878,51476,,,
51477,7,106.238264,37.264214,红寺堡区新庄集乡,,640303,0953,640303201000,,,,,,,,,,2,100,1029,1525,4878,51477,,,
51478,7,106.062114,37.425702,红寺堡区柳泉乡,,640303,0953,640303202000,,,,,,,,,,2,100,1029,1525,4878,51478,,,
51479,7,106.062369,37.425342,红寺堡工业园区管委会,,640303,0953,640303400000,,,,,,,,,,2,100,1029,1525,4878,51479,,,
51480,7,107.39349,37.791759,花马池镇,,640323,0953,640323100000,,,,,,,,,,2,100,1029,1525,4879,51480,,,
51481,7,106.978953,37.438174,大水坑镇,,640323,0953,640323101000,,,,,,,,,,2,100,1029,1525,4879,51481,,,
51482,7,106.67591,37.453068,惠安堡镇,,640323,0953,640323102000,,,,,,,,,,2,100,1029,1525,4879,51482,,,
51483,7,107.046549,38.001477,高沙窝镇,,640323,0953,640323103000,,,,,,,,,,2,100,1029,1525,4879,51483,,,
51484,7,107.155704,37.777857,王乐井乡,,640323,0953,640323200000,,,,,,,,,,2,100,1029,1525,4879,51484,,,
51485,7,106.870661,37.67927,冯记沟乡,,640323,0953,640323201000,,,,,,,,,,2,100,1029,1525,4879,51485,,,
51486,7,107.178417,37.566591,青山乡,,640323,0953,640323202000,,,,,,,,,,2,100,1029,1525,4879,51486,,,
51487,7,107.10776,37.176239,麻黄山乡,,640323,0953,640323203000,,,,,,,,,,2,100,1029,1525,4879,51487,,,
51488,7,105.903012,36.980003,豫海镇,,640324,0953,640324100000,,,,,,,,,,2,100,1029,1525,4880,51488,,,
51489,7,105.80364,37.098269,河西镇,,640324,0953,640324101000,,,,,,,,,,2,100,1029,1525,4880,51489,,,
51490,7,106.480421,37.291681,韦州镇,,640324,0953,640324102000,,,,,,,,,,2,100,1029,1525,4880,51490,,,
51491,7,106.456101,37.119719,下马关镇,,640324,0953,640324103000,,,,,,,,,,2,100,1029,1525,4880,51491,,,
51492,7,106.376401,36.83008,预旺镇,,640324,0953,640324104000,,,,,,,,,,2,100,1029,1525,4880,51492,,,
51493,7,105.998287,36.865667,王团镇,,640324,0953,640324105000,,,,,,,,,,2,100,1029,1525,4880,51493,,,
51494,7,105.853821,37.020629,丁塘镇,,640324,0953,640324106000,,,,,,,,,,2,100,1029,1525,4880,51494,,,
51495,7,106.34701,37.01179,田老庄乡,,640324,0953,640324201000,,,,,,,,,,2,100,1029,1525,4880,51495,,,
51496,7,106.44761,36.874799,马高庄乡,,640324,0953,640324202000,,,,,,,,,,2,100,1029,1525,4880,51496,,,
51497,7,106.34107,36.70934,张家塬乡,,640324,0953,640324203000,,,,,,,,,,2,100,1029,1525,4880,51497,,,
51498,7,105.875781,36.943722,兴隆乡,,640324,0953,640324204000,,,,,,,,,,2,100,1029,1525,4880,51498,,,
51499,7,106.073084,38.022573,裕民街道,,640381,0953,640381001000,,,,,,,,,,2,100,1029,1525,4881,51499,,,
51500,7,106.089629,38.012994,小坝镇,,640381,0953,640381100000,,,,,,,,,,2,100,1029,1525,4881,51500,,,
51501,7,106.0296,37.985979,大坝镇,,640381,0953,640381101000,,,,,,,,,,2,100,1029,1525,4881,51501,,,
51502,7,106.0157,37.888779,青铜峡镇,,640381,0953,640381102000,,,,,,,,,,2,100,1029,1525,4881,51502,,,
51503,7,106.172423,38.106809,叶盛镇,,640381,0953,640381103000,,,,,,,,,,2,100,1029,1525,4881,51503,,,
51504,7,106.05547,38.08222,瞿靖镇,,640381,0953,640381104000,,,,,,,,,,2,100,1029,1525,4881,51504,,,
51505,7,106.086,37.916959,峡口镇,,640381,0953,640381105000,,,,,,,,,,2,100,1029,1525,4881,51505,,,
51506,7,106.070899,38.159233,邵岗镇,,640381,0953,640381106000,,,,,,,,,,2,100,1029,1525,4881,51506,,,
51507,7,106.15051,38.01294,陈袁滩镇,,640381,0953,640381107000,,,,,,,,,,2,100,1029,1525,4881,51507,,,
51508,7,105.9558,38.024096,树新林场,,640381,0953,640381401000,,,,,,,,,,2,100,1029,1525,4881,51508,,,
51509,7,106.286711,36.004381,南关街道,,640402,0954,640402001000,,,,,,,,,,2,100,1029,1526,4882,51509,,,
51510,7,106.255033,36.023705,古雁街道,,640402,0954,640402002000,,,,,,,,,,2,100,1029,1526,4882,51510,,,
51511,7,106.287782,36.00374,北塬街道,,640402,0954,640402003000,,,,,,,,,,2,100,1029,1526,4882,51511,,,
51512,7,106.15177,36.291479,三营镇,,640402,0954,640402100000,,,,,,,,,,2,100,1029,1526,4882,51512,,,
51513,7,106.287782,36.00374,官厅镇,,640402,0954,640402103000,,,,,,,,,,2,100,1029,1526,4882,51513,,,
51514,7,106.287782,36.00374,开城镇,,640402,0954,640402104000,,,,,,,,,,2,100,1029,1526,4882,51514,,,
51515,7,106.112864,35.897878,张易镇,,640402,0954,640402105000,,,,,,,,,,2,100,1029,1526,4882,51515,,,
51516,7,106.154231,36.087568,彭堡镇,,640402,0954,640402106000,,,,,,,,,,2,100,1029,1526,4882,51516,,,
51517,7,106.180195,36.22258,头营镇,,640402,0954,640402107000,,,,,,,,,,2,100,1029,1526,4882,51517,,,
51518,7,106.287782,36.00374,黄铎堡镇,,640402,0954,640402108000,,,,,,,,,,2,100,1029,1526,4882,51518,,,
51519,7,106.191444,36.021174,中河乡,,640402,0954,640402200000,,,,,,,,,,2,100,1029,1526,4882,51519,,,
51520,7,106.43824,35.99343,河川乡,,640402,0954,640402201000,,,,,,,,,,2,100,1029,1526,4882,51520,,,
51521,7,106.314397,36.377249,炭山乡,,640402,0954,640402204000,,,,,,,,,,2,100,1029,1526,4882,51521,,,
51522,7,106.4295,36.291041,寨科乡,,640402,0954,640402205000,,,,,,,,,,2,100,1029,1526,4882,51522,,,
51523,7,105.751978,35.964343,吉强镇,,640422,0954,640422100000,,,,,,,,,,2,100,1029,1526,4883,51523,,,
51524,7,105.813239,35.705371,兴隆镇,,640422,0954,640422101000,,,,,,,,,,2,100,1029,1526,4883,51524,,,
51525,7,105.56758,35.74148,平峰镇,,640422,0954,640422102000,,,,,,,,,,2,100,1029,1526,4883,51525,,,
51526,7,105.729085,35.963913,将台堡镇,,640422,0954,640422103000,,,,,,,,,,2,100,1029,1526,4883,51526,,,
51527,7,105.598299,36.067316,新营乡,,640422,0954,640422200000,,,,,,,,,,2,100,1029,1526,4883,51527,,,
51528,7,105.5095,36.03946,红耀乡,,640422,0954,640422201000,,,,,,,,,,2,100,1029,1526,4883,51528,,,
51529,7,105.377891,35.995369,田坪乡,,640422,0954,640422202000,,,,,,,,,,2,100,1029,1526,4883,51529,,,
51530,7,105.490741,35.940959,马建乡,,640422,0954,640422203000,,,,,,,,,,2,100,1029,1526,4883,51530,,,
51531,7,105.510633,35.866866,震湖乡,,640422,0954,640422204000,,,,,,,,,,2,100,1029,1526,4883,51531,,,
51532,7,105.670054,35.841129,兴平乡,,640422,0954,640422205000,,,,,,,,,,2,100,1029,1526,4883,51532,,,
51533,7,105.74635,35.88143,西滩乡,,640422,0954,640422206000,,,,,,,,,,2,100,1029,1526,4883,51533,,,
51534,7,105.741758,35.801395,王民乡,,640422,0954,640422207000,,,,,,,,,,2,100,1029,1526,4883,51534,,,
51535,7,106.012779,35.740601,什字乡,,640422,0954,640422208000,,,,,,,,,,2,100,1029,1526,4883,51535,,,
51536,7,105.93021,35.8085,马莲乡,,640422,0954,640422209000,,,,,,,,,,2,100,1029,1526,4883,51536,,,
51537,7,105.854866,35.886065,硝河乡,,640422,0954,640422211000,,,,,,,,,,2,100,1029,1526,4883,51537,,,
51538,7,105.975201,35.966999,偏城乡,,640422,0954,640422212000,,,,,,,,,,2,100,1029,1526,4883,51538,,,
51539,7,105.947,36.162305,沙沟乡,,640422,0954,640422213000,,,,,,,,,,2,100,1029,1526,4883,51539,,,
51540,7,105.87333,36.0836,白崖乡,,640422,0954,640422214000,,,,,,,,,,2,100,1029,1526,4883,51540,,,
51541,7,105.784132,36.129788,火石寨乡,,640422,0954,640422215000,,,,,,,,,,2,100,1029,1526,4883,51541,,,
51542,7,106.119588,35.613336,城关镇,,640423,0954,640423100000,,,,,,,,,,2,100,1029,1526,4884,51542,,,
51543,7,105.99384,35.58496,沙塘镇,,640423,0954,640423101000,,,,,,,,,,2,100,1029,1526,4884,51543,,,
51544,7,105.866161,35.560088,联财镇,,640423,0954,640423102000,,,,,,,,,,2,100,1029,1526,4884,51544,,,
51545,7,106.16278,35.572519,陈靳乡,,640423,0954,640423200000,,,,,,,,,,2,100,1029,1526,4884,51545,,,
51546,7,106.10876,35.66025,好水乡,,640423,0954,640423201000,,,,,,,,,,2,100,1029,1526,4884,51546,,,
51547,7,106.10939,35.751939,观庄乡,,640423,0954,640423202000,,,,,,,,,,2,100,1029,1526,4884,51547,,,
51548,7,105.994294,35.677045,杨河乡,,640423,0954,640423203000,,,,,,,,,,2,100,1029,1526,4884,51548,,,
51549,7,105.935886,35.58024,神林乡,,640423,0954,640423204000,,,,,,,,,,2,100,1029,1526,4884,51549,,,
51550,7,105.910449,35.635199,张程乡,,640423,0954,640423205000,,,,,,,,,,2,100,1029,1526,4884,51550,,,
51551,7,106.014919,35.54292,凤岭乡,,640423,0954,640423206000,,,,,,,,,,2,100,1029,1526,4884,51551,,,
51552,7,106.15327,35.511609,山河乡,,640423,0954,640423207000,,,,,,,,,,2,100,1029,1526,4884,51552,,,
51553,7,105.977971,35.463039,温堡乡,,640423,0954,640423208000,,,,,,,,,,2,100,1029,1526,4884,51553,,,
51554,7,106.13022,35.449841,奠安乡,,640423,0954,640423209000,,,,,,,,,,2,100,1029,1526,4884,51554,,,
51555,7,106.338617,35.494851,香水镇,,640424,0954,640424100000,,,,,,,,,,2,100,1029,1526,4885,51555,,,
51556,7,106.40365,35.418149,泾河源镇,,640424,0954,640424101000,,,,,,,,,,2,100,1029,1526,4885,51556,,,
51557,7,106.297991,35.660356,六盘山镇,,640424,0954,640424102000,,,,,,,,,,2,100,1029,1526,4885,51557,,,
51558,7,106.44905,35.325348,新民乡,,640424,0954,640424200000,,,,,,,,,,2,100,1029,1526,4885,51558,,,
51559,7,106.35642,35.45322,兴盛乡,,640424,0954,640424201000,,,,,,,,,,2,100,1029,1526,4885,51559,,,
51560,7,106.40898,35.50475,黄花乡,,640424,0954,640424202000,,,,,,,,,,2,100,1029,1526,4885,51560,,,
51561,7,106.27489,35.730299,大湾乡,,640424,0954,640424203000,,,,,,,,,,2,100,1029,1526,4885,51561,,,
51562,7,106.643997,35.850335,白阳镇,,640425,0954,640425100000,,,,,,,,,,2,100,1029,1526,4886,51562,,,
51563,7,106.620843,36.15405,王洼镇,,640425,0954,640425101000,,,,,,,,,,2,100,1029,1526,4886,51563,,,
51564,7,106.46416,35.857099,古城镇,,640425,0954,640425102000,,,,,,,,,,2,100,1029,1526,4886,51564,,,
51565,7,106.683483,35.770273,红河镇,,640425,0954,640425103000,,,,,,,,,,2,100,1029,1526,4886,51565,,,
51566,7,106.484624,35.780896,新集乡,,640425,0954,640425200000,,,,,,,,,,2,100,1029,1526,4886,51566,,,
51567,7,106.770602,35.817879,城阳乡,,640425,0954,640425201000,,,,,,,,,,2,100,1029,1526,4886,51567,,,
51568,7,106.825711,36.0692,冯庄乡,,640425,0954,640425203000,,,,,,,,,,2,100,1029,1526,4886,51568,,,
51569,7,106.76674,36.151789,小岔乡,,640425,0954,640425204000,,,,,,,,,,2,100,1029,1526,4886,51569,,,
51570,7,106.825749,35.978375,孟塬乡,,640425,0954,640425205000,,,,,,,,,,2,100,1029,1526,4886,51570,,,
51571,7,106.590851,36.257627,罗洼乡,,640425,0954,640425206000,,,,,,,,,,2,100,1029,1526,4886,51571,,,
51572,7,106.519573,36.1464,交岔乡,,640425,0954,640425207000,,,,,,,,,,2,100,1029,1526,4886,51572,,,
51573,7,106.703936,36.028318,草庙乡,,640425,0954,640425208000,,,,,,,,,,2,100,1029,1526,4886,51573,,,
51574,7,105.178759,37.492808,滨河镇,,640502,1953,640502100000,,,,,,,,,,2,100,1029,1527,4887,51574,,,
51575,7,105.211593,37.507331,文昌镇,,640502,1953,640502101000,,,,,,,,,,2,100,1029,1527,4887,51575,,,
51576,7,105.21415,37.534791,东园镇,,640502,1953,640502102000,,,,,,,,,,2,100,1029,1527,4887,51576,,,
51577,7,105.261011,37.51693,柔远镇,,640502,1953,640502103000,,,,,,,,,,2,100,1029,1527,4887,51577,,,
51578,7,105.348659,37.518691,镇罗镇,,640502,1953,640502104000,,,,,,,,,,2,100,1029,1527,4887,51578,,,
51579,7,105.436461,37.471139,宣和镇,,640502,1953,640502105000,,,,,,,,,,2,100,1029,1527,4887,51579,,,
51580,7,105.345878,37.471661,永康镇,,640502,1953,640502106000,,,,,,,,,,2,100,1029,1527,4887,51580,,,
51581,7,105.11644,37.457695,常乐镇,,640502,1953,640502107000,,,,,,,,,,2,100,1029,1527,4887,51581,,,
51582,7,105.133813,37.506666,迎水桥镇,,640502,1953,640502108000,,,,,,,,,,2,100,1029,1527,4887,51582,,,
51583,7,105.263472,36.939769,兴仁镇,,640502,1953,640502109000,,,,,,,,,,2,100,1029,1527,4887,51583,,,
51584,7,105.087017,37.069954,香山乡,,640502,1953,640502200000,,,,,,,,,,2,100,1029,1527,4887,51584,,,
51585,7,105.49784,37.406547,中卫山羊选育场,,640502,1953,640502400000,,,,,,,,,,2,100,1029,1527,4887,51585,,,
51586,7,105.190536,37.514564,中卫工业园区,,640502,1953,640502401000,,,,,,,,,,2,100,1029,1527,4887,51586,,,
51587,7,105.669661,37.485647,宁安镇,,640521,1953,640521100000,,,,,,,,,,2,100,1029,1527,4888,51587,,,
51588,7,105.868769,37.550859,鸣沙镇,,640521,1953,640521101000,,,,,,,,,,2,100,1029,1527,4888,51588,,,
51589,7,105.67549,37.542679,石空镇,,640521,1953,640521102000,,,,,,,,,,2,100,1029,1527,4888,51589,,,
51590,7,105.690388,37.474277,新堡镇,,640521,1953,640521103000,,,,,,,,,,2,100,1029,1527,4888,51590,,,
51591,7,105.767578,37.494191,恩和镇,,640521,1953,640521104000,,,,,,,,,,2,100,1029,1527,4888,51591,,,
51592,7,105.559076,37.401404,大战场镇,,640521,1953,640521105000,,,,,,,,,,2,100,1029,1527,4888,51592,,,
51593,7,105.62779,37.48217,舟塔乡,,640521,1953,640521200000,,,,,,,,,,2,100,1029,1527,4888,51593,,,
51594,7,105.93406,37.62752,白马乡,,640521,1953,640521201000,,,,,,,,,,2,100,1029,1527,4888,51594,,,
51595,7,105.564462,37.512552,余丁乡,,640521,1953,640521202000,,,,,,,,,,2,100,1029,1527,4888,51595,,,
51596,7,105.612345,37.075029,喊叫水乡,,640521,1953,640521204000,,,,,,,,,,2,100,1029,1527,4888,51596,,,
51597,7,105.578141,36.936599,徐套乡,,640521,1953,640521205000,,,,,,,,,,2,100,1029,1527,4888,51597,,,
51598,7,105.808424,37.692807,太阳梁乡,,640521,1953,640521206000,,,,,,,,,,2,100,1029,1527,4888,51598,,,
51599,7,105.64975,36.56041,海城镇,,640522,1953,640522100000,,,,,,,,,,2,100,1029,1527,4889,51599,,,
51600,7,106.09625,36.689839,李旺镇,,640522,1953,640522101000,,,,,,,,,,2,100,1029,1527,4889,51600,,,
51601,7,105.50417,36.601969,西安镇,,640522,1953,640522103000,,,,,,,,,,2,100,1029,1527,4889,51601,,,
51602,7,106.133623,36.3621,三河镇,,640522,1953,640522104000,,,,,,,,,,2,100,1029,1527,4889,51602,,,
51603,7,106.155551,36.504104,七营镇,,640522,1953,640522105000,,,,,,,,,,2,100,1029,1527,4889,51603,,,
51604,7,105.69051,36.52615,史店乡,,640522,1953,640522200000,,,,,,,,,,2,100,1029,1527,4889,51604,,,
51605,7,105.436411,36.502708,树台乡,,640522,1953,640522201000,,,,,,,,,,2,100,1029,1527,4889,51605,,,
51606,7,105.789479,36.776406,关桥乡,,640522,1953,640522202000,,,,,,,,,,2,100,1029,1527,4889,51606,,,
51607,7,105.981385,36.835419,高崖乡,,640522,1953,640522206000,,,,,,,,,,2,100,1029,1527,4889,51607,,,
51608,7,105.957485,36.447391,郑旗乡,,640522,1953,640522207000,,,,,,,,,,2,100,1029,1527,4889,51608,,,
51609,7,105.8477,36.503149,贾塘乡,,640522,1953,640522208000,,,,,,,,,,2,100,1029,1527,4889,51609,,,
51610,7,105.75093,36.43213,曹洼乡,,640522,1953,640522209000,,,,,,,,,,2,100,1029,1527,4889,51610,,,
51611,7,105.905376,36.292597,九彩乡,,640522,1953,640522210000,,,,,,,,,,2,100,1029,1527,4889,51611,,,
51612,7,105.88171,36.231141,李俊乡,,640522,1953,640522211000,,,,,,,,,,2,100,1029,1527,4889,51612,,,
51613,7,105.625441,36.259126,红羊乡,,640522,1953,640522212000,,,,,,,,,,2,100,1029,1527,4889,51613,,,
51614,7,105.54123,36.276079,关庄乡,,640522,1953,640522213000,,,,,,,,,,2,100,1029,1527,4889,51614,,,
51615,7,106.347181,36.585752,甘城乡,,640522,1953,640522214000,,,,,,,,,,2,100,1029,1527,4889,51615,,,
51616,7,105.643487,36.565033,种羊场,,640522,1953,640522400000,,,,,,,,,,2,100,1029,1527,4889,51616,,,
51617,7,105.642651,36.557601,南华山自然保护区管理处,,640522,1953,640522401000,,,,,,,,,,2,100,1029,1527,4889,51617,,,
51618,7,105.477001,36.594438,老城管理办公室,,640522,1953,640522402000,,,,,,,,,,2,100,1029,1527,4889,51618,,,
51619,7,106.076079,36.395417,海兴开发区,,640522,1953,640522406000,,,,,,,,,,2,100,1029,1527,4889,51619,,,
